INSERT INTO `boardings` (`id`, `boarding_name`, `address`, `latitude`, `longitude`, `type_id`, `rooms`, `shared_bathroom`, `price`, `boarding_desc`, `created_at`, `updated_at`) VALUES
(1, 'Maple Boarding House Near Binus Alam Sutera', 'Jl. Rasuna Said, RT.003/RW.001, Cipete, Kec. Pinang, Kota Tangerang, Banten, Indonesia', '-6.2063597', '106.6547883', 3, 3, 0, 3000000, '\"Welcome to our boarding house currently available for sale!', '2023-05-21 12:42:46', '2023-05-21 12:42:46'),
(2, 'Cheap Boarding House near Mall Alam Sutera', 'Jl. Jalur Sutera Bar., RT.003/RW.006, Panunggangan Tim., Kec. Pinang, Kota Tangerang, Banten, Indonesia', '-6.2252396', '106.6566565', 5, 6, 1, 5000000, 'This charming and well-maintained property offers a comfortable and affordable living arrangement for tenants.', '2023-05-21 12:46:47', '2023-05-21 12:46:47'),
(3, 'Tiny Condominium with Spectacular view', 'Jl. Jalur Sutera Boulevard, RT.003/RW.006, Panunggangan Tim., Kec. Pinang, Kota Tangerang, Banten, Indonesia', '-6.227668', '106.6556109', 5, 2, 1, 3000000, 'The boarding house is ideally suited for students, young professionals, or individuals seeking a cost-effective and sociable living environment.', '2023-05-21 12:52:22', '2023-05-22 04:05:03'),
(4, 'Malaria Kos near Binus Alsut', 'Jl. Lingkar Barat No.2, RT.001/RW.004, Panunggangan, Kec. Pinang, Kota Tangerang, Banten 15143, Indonesia', '-6.224786300000002', '106.6500235', 3, 1, 0, 500000, 'Nice Boarding within walking distance of mall and binus campus', '2023-05-21 13:13:23', '2023-05-21 13:13:23'),
(5, 'Terror Kos', 'Kunciran, Pinang, Tangerang City, Banten, Indonesia', '-6.2237885', '106.6605396', 7, 300, 1, 42000, 'Good Kos', '2023-05-21 13:14:54', '2023-05-21 13:14:54'),
(6, 'The Lodge and Lodgers', 'Jl. Jalur Sutera Bar. No.18, RT.002/RW.003, Panunggangan Tim., Kec. Pinang, Kota Tangerang, Banten 15143, Indonesia', '-6.2229988', '106.6529868', 7, 500, 1, 30000, 'Want to live in a Cinema ?? Come & Rent our Boarding !', '2023-05-21 13:23:18', '2023-05-21 13:23:18'),
(7, 'The Bunk n Breakfast', 'Jl. Kyai Maja, Gunung, Kec. Kby. Baru, Kota Jakarta Selatan, Daerah Khusus Ibukota Jakarta, Indonesia', '-6.241057199999999', '106.7931633', 2, 8, 1, 300000, 'Live with Friends !', '2023-05-21 13:26:10', '2023-05-21 13:26:10'),
(8, 'Citra 2 Ext Boarding', 'Jl. Citra II, Pegadungan, Kec. Kalideres, Kota Jakarta Barat, Daerah Khusus Ibukota Jakarta, Indonesia', '-6.136370599999999', '106.7025099', 2, 2, 1, 5000000, 'A Lovely House with Complete Facilities !', '2023-05-21 13:29:07', '2023-05-21 13:29:07'),
(9, 'Daan Mogot Boarding House', 'Mall Jalan Daan Mogot Jalan Raya KM.16 8 12 Kalideres Kecamatan Kalideres Kota Jakarta Barat Daerah Khusus Ibukota Jakarta 8 12 Kalideres Kecamatan Kalideres Kota Jakarta Barat Daerah Khusus Ibukota Jakarta, RT.8/RW.12, Kalideres, Kec. Kalideres, Kota Jakarta Barat, Daerah Khusus Ibukota Jakarta 11840, Indonesia', '-6.150849399999999', '106.7144163', 7, 1, 1, 420000, 'Tiny House, Tiny Price', '2023-05-21 20:38:30', '2023-05-21 20:38:30'),
(10, 'Boarding Houses Yay', 'Daan Mogot City Apartemen, Semanan, Kec. Kalideres, Kota Jakarta Barat, Daerah Khusus Ibukota Jakarta, Indonesia', '-6.1577405', '106.7121767', 3, 12, 0, 15000, '123456789', '2023-05-22 04:07:17', '2023-05-22 04:07:17'),
(11, 'Boarding House Citra I near Pool', 'Citra 1, Kalideres, Kec. Kalideres, Kota Jakarta Barat, Daerah Khusus Ibukota Jakarta, Indonesia', '-6.158230199999999', '106.6961053', 2, 2, 1, 12000000, 'Very Nice House with Pool', '2023-05-22 04:13:08', '2023-05-22 04:13:08'),
(12, 'The Hospitality Hub Citra 8', 'marketing gallery aeroworld 8, Pegadungan, Kec. Kalideres, Kota Jakarta Barat, Daerah Khusus Ibukota Jakarta 11830, Indonesia', '-6.1285075', '106.6921064', 7, 1, 0, 500000, 'Small but Powerfull house', '2023-05-22 04:16:19', '2023-05-22 04:16:19'),
(13, 'This is Fake Boarding', 'Bandung, Bandung City, West Java, Indonesia', '-6.9174639', '107.6191228', 1, 1200, 0, 100000000, '123456', '2023-05-22 04:17:48', '2023-05-22 04:17:48'),
(14, 'Lovely Boarding', 'Citra 3, Pegadungan, Kec. Kalideres, Kota Jakarta Barat, Daerah Khusus Ibukota Jakarta, Indonesia', '-6.1257141', '106.7058264', 6, 2, 0, 5000000, '12353333', '2023-05-22 04:18:48', '2023-05-22 04:18:48');

INSERT INTO `boarding_images` (`id`, `boarding_id`, `image`, `created_at`, `updated_at`) VALUES
(1, 1, '/storage/Boarding_House_Images/1684752493-kos1.jpg', '2023-05-22 03:48:13', '2023-05-22 03:48:13'),
(2, 2, '/storage/Boarding_House_Images/1684752510-kos2.jpg', '2023-05-22 03:48:30', '2023-05-22 03:48:30'),
(3, 3, '/storage/Boarding_House_Images/1684752527-kos3.jpg', '2023-05-22 03:48:47', '2023-05-22 03:48:47'),
(4, 4, '/storage/Boarding_House_Images/1684752577-kos42.jpg', '2023-05-22 03:49:37', '2023-05-22 03:49:37'),
(5, 4, '/storage/Boarding_House_Images/1684752577-kos41.jpg', '2023-05-22 03:49:37', '2023-05-22 03:49:37'),
(6, 5, '/storage/Boarding_House_Images/1684750494-Binusian-Card.jpeg', '2023-05-22 03:50:07', '2023-05-22 03:50:07'),
(7, 6, '/storage/Boarding_House_Images/1684752607-kos5.jpg', NULL, NULL),
(8, 7, '/storage/Boarding_House_Images/1684752757-kos71.jpg', '2023-05-22 03:52:38', '2023-05-22 03:52:38'),
(9, 7, '/storage/Boarding_House_Images/1684752758-kos7.jpg', '2023-05-22 03:52:38', '2023-05-22 03:52:38'),
(10, 8, '/storage/Boarding_House_Images/1684752860-kos8.jpg', '2023-05-22 03:54:20', '2023-05-22 03:54:20'),
(11, 9, '/storage/Boarding_House_Images/1684752913-kos9.jpg', '2023-05-22 03:55:13', '2023-05-22 03:55:13'),
(12, 10, '/storage/Boarding_House_Images/1684753637-kos10.jpg', '2023-05-22 04:07:17', '2023-05-22 04:07:17'),
(13, 11, '/storage/Boarding_House_Images/1684753988-kos11.jpg', '2023-05-22 04:13:08', '2023-05-22 04:13:08'),
(14, 12, '/storage/Boarding_House_Images/1684754179-kos121.jpg', '2023-05-22 04:16:19', '2023-05-22 04:16:19'),
(15, 12, '/storage/Boarding_House_Images/1684754179-kos12.jpg', '2023-05-22 04:16:19', '2023-05-22 04:16:19'),
(16, 13, '/storage/Boarding_House_Images/1684754268-kos13.jpg', '2023-05-22 04:17:48', '2023-05-22 04:17:48'),
(17, 14, '/storage/Boarding_House_Images/1684754328-kos14.jpg', '2023-05-22 04:18:48', '2023-05-22 04:18:48');

INSERT INTO `chats` (`id`, `sender_id`, `receiver_id`, `message`, `created_at`, `updated_at`) VALUES
(1, 8, 4, 'Hello, my key is broken', '2023-05-22 04:38:26', '2023-05-22 04:38:26'),
(2, 4, 12, 'Hey, How have you been ?', '2023-05-22 04:39:07', '2023-05-22 04:39:07'),
(3, 4, 8, 'Ok, we will fix it right away', '2023-05-22 04:39:22', '2023-05-22 04:39:22'),
(4, 4, 12, 'The thing is, A tenant has reported a broken key...', '2023-05-22 04:39:39', '2023-05-22 04:39:39'),
(5, 8, 11, 'Hello ,can you fix the key', '2023-05-22 04:52:38', '2023-05-22 04:52:38'),
(6, 4, 8, 'Please contact Manager 2 for more info', '2023-05-22 04:52:58', '2023-05-22 04:52:58'),
(7, 8, 12, 'Hello, can you fix this key ?', '2023-05-22 04:54:09', '2023-05-22 04:54:09'),
(8, 8, 12, 'I lost it ;(', '2023-05-22 04:54:15', '2023-05-22 04:54:15');

INSERT INTO `complains` (`id`, `user_id`, `boarding_id`, `complain_type_id`, `complain_desc`, `complain_image_url`, `complain_status`, `created_at`, `updated_at`) VALUES
(1, 6, 2, 2, 'I Lost, my key... Help', '/storage/images/hand_stock_1_by_lindowyn_stock.jpg', 'pending', '2023-05-22 04:31:26', '2023-05-22 04:31:26'),
(2, 6, 4, 3, 'Very Noisy Neighbor !!!', '/storage/images/OIP.jpg', 'pending', '2023-05-22 04:32:30', '2023-05-22 04:32:30'),
(3, 8, 8, 2, 'Key is lost', '/storage/images/hand_stock_1_by_lindowyn_stock.jpg', 'pending', '2023-05-22 04:40:43', '2023-05-22 04:40:43'),
(4, 8, 8, 5, 'Broken Tap, I smashed it to hard', '/storage/images/tapbrok.jpg', 'pending', '2023-05-22 04:41:34', '2023-05-22 04:41:34');

INSERT INTO `facility_details` (`id`, `facility_detail_name`, `facility_img_path`, `created_at`, `updated_at`) VALUES
(1, 'Swimming Pool', '/storage/Facility_Images/1684747732-swimming-pool.png', '2023-05-21 19:28:52', '2023-05-21 19:28:52'),
(2, '24/7 Security', '/storage/Facility_Images/1684747818-policeman.png', '2023-05-21 19:30:18', '2023-05-21 19:32:08'),
(3, 'Kitchen', '/storage/Facility_Images/1684747875-gas-stove.png', '2023-05-21 19:31:15', '2023-05-21 19:31:15'),
(4, 'Shower', '/storage/Facility_Images/1684747909-shower.png', '2023-05-21 19:31:49', '2023-05-21 19:31:49'),
(5, 'Free Wi-Fi', '/storage/Facility_Images/1684747960-wifi.png', '2023-05-21 19:32:41', '2023-05-21 19:32:41'),
(6, 'Air Conditioning', '/storage/Facility_Images/1684748008-air-conditioner.png', '2023-05-21 19:33:28', '2023-05-21 19:33:28'),
(7, 'Heater', '/storage/Facility_Images/1684748030-water-heater.png', '2023-05-21 19:33:50', '2023-05-21 19:33:50'),
(8, 'Free Parking', '/storage/Facility_Images/1684748063-parked-car.png', '2023-05-21 19:34:23', '2023-05-21 19:34:23');


INSERT INTO `facilities` (`id`, `facility_id`, `boarding_id`, `created_at`, `updated_at`) VALUES
(1, 2, 1, NULL, NULL),
(2, 3, 1, NULL, NULL),
(3, 4, 1, NULL, NULL),
(4, 2, 2, NULL, NULL),
(5, 3, 2, NULL, NULL),
(6, 5, 2, NULL, NULL),
(7, 3, 3, NULL, NULL),
(8, 4, 3, NULL, NULL),
(9, 5, 3, NULL, NULL),
(10, 6, 3, NULL, NULL),
(11, 8, 3, NULL, NULL),
(12, 7, 4, NULL, NULL),
(13, 5, 4, NULL, NULL),
(14, 6, 4, NULL, NULL),
(15, 8, 4, NULL, NULL),
(16, 4, 4, NULL, NULL),
(17, 1, 5, NULL, NULL),
(18, 2, 5, NULL, NULL),
(19, 3, 5, NULL, NULL),
(20, 2, 6, NULL, NULL),
(21, 1, 7, NULL, NULL),
(22, 2, 7, NULL, NULL),
(23, 3, 7, NULL, NULL),
(24, 4, 7, NULL, NULL),
(25, 5, 7, NULL, NULL),
(26, 6, 7, NULL, NULL),
(27, 8, 7, NULL, NULL),
(28, 7, 7, NULL, NULL),
(29, 1, 8, NULL, NULL),
(30, 2, 8, NULL, NULL),
(31, 1, 9, NULL, NULL),
(32, 2, 9, NULL, NULL),
(33, 3, 9, NULL, NULL),
(34, 4, 9, NULL, NULL),
(35, 5, 9, NULL, NULL),
(36, 6, 9, NULL, NULL),
(37, 7, 9, NULL, NULL),
(38, 1, 10, NULL, NULL),
(39, 2, 10, NULL, NULL),
(40, 3, 10, NULL, NULL),
(41, 4, 10, NULL, NULL),
(42, 5, 10, NULL, NULL),
(43, 6, 10, NULL, NULL),
(44, 7, 10, NULL, NULL),
(45, 8, 10, NULL, NULL),
(46, 2, 11, NULL, NULL),
(47, 3, 11, NULL, NULL),
(48, 4, 11, NULL, NULL),
(49, 5, 11, NULL, NULL),
(50, 6, 11, NULL, NULL),
(51, 8, 11, NULL, NULL),
(52, 3, 12, NULL, NULL),
(53, 4, 12, NULL, NULL),
(54, 5, 12, NULL, NULL),
(55, 2, 13, NULL, NULL),
(56, 3, 14, NULL, NULL);

INSERT INTO `manager_boardings` (`id`, `user_id`, `boarding_id`, `created_at`, `updated_at`) VALUES
(1, 12, 2, '2023-05-22 03:48:30', '2023-05-22 03:48:30'),
(2, 11, 3, '2023-05-22 03:48:47', '2023-05-22 03:48:47'),
(3, 11, 4, '2023-05-22 03:49:37', '2023-05-22 03:49:37'),
(4, 13, 5, '2023-05-22 03:50:07', '2023-05-22 03:50:07'),
(5, 12, 9, '2023-05-22 03:55:13', '2023-05-22 03:55:13'),
(6, 12, 10, '2023-05-22 04:07:17', '2023-05-22 04:07:17'),
(7, 11, 11, '2023-05-22 04:13:08', '2023-05-22 04:13:08'),
(8, 11, 14, '2023-05-22 04:18:48', '2023-05-22 04:18:48'),
(9, 12, 8, NULL, NULL);

INSERT INTO `owner_boardings` (`id`, `user_id`, `boarding_id`, `owner_status`, `declined_reason`, `created_at`, `updated_at`) VALUES
(1, 2, 1, 'approved', NULL, '2023-05-21 12:42:46', '2023-05-21 12:42:46'),
(2, 2, 2, 'approved', NULL, '2023-05-21 12:46:47', '2023-05-21 12:46:47'),
(3, 2, 3, 'approved', NULL, '2023-05-21 12:52:22', '2023-05-21 12:52:22'),
(4, 3, 4, 'approved', NULL, '2023-05-21 13:13:23', '2023-05-21 13:13:23'),
(5, 3, 5, 'banned', 'Shady Boarding House & Picture is not a Boarding House !', '2023-05-21 13:14:54', '2023-05-22 04:05:45'),
(6, 3, 6, 'banned', 'A Cinema is not suited for day to day living !', '2023-05-21 13:23:18', '2023-05-21 13:23:18'),
(7, 3, 7, 'approved', NULL, '2023-05-21 13:26:10', '2023-05-21 13:26:10'),
(8, 4, 8, 'approved', 'Aprroved ! Nice Boarding', '2023-05-21 13:29:08', '2023-05-22 04:01:43'),
(9, 4, 9, 'approved', 'Nice Gate & American Flag !!', '2023-05-21 20:38:30', '2023-05-22 04:02:03'),
(10, 4, 10, 'pending', NULL, '2023-05-22 04:07:17', '2023-05-22 04:07:17'),
(11, 4, 11, 'approved', NULL, '2023-05-22 04:13:08', '2023-05-22 04:13:08'),
(12, 4, 12, 'declined', NULL, '2023-05-22 04:16:19', '2023-05-22 04:16:19'),
(13, 5, 13, 'banned', NULL, '2023-05-22 04:17:48', '2023-05-22 04:17:48'),
(14, 5, 14, 'approved', NULL, '2023-05-22 04:18:48', '2023-05-22 04:18:48');

INSERT INTO `reviews` (`id`, `user_id`, `boarding_id`, `rating`, `review_desc`, `created_at`, `updated_at`) VALUES
(1, 6, 4, 5, 'Very nice Boarding & Great Management by Owner', '2023-05-22 04:25:17', '2023-05-22 04:27:00'),
(2, 6, 2, 4, 'Fast Response from Owner, but location is not strategic', '2023-05-22 04:28:27', '2023-05-22 04:28:27'),
(3, 8, 14, 3, 'Nice Owner, but Messy Boarding House', '2023-05-22 04:36:21', '2023-05-22 04:36:21'),
(4, 8, 4, 3, 'Nice Boarding, Bad Noise', '2023-05-22 04:37:15', '2023-05-22 04:37:15'),
(5, 9, 1, 2, 'Bad Boarding House :(', '2023-05-22 04:46:36', '2023-05-22 04:46:36'),
(6, 9, 2, 4, 'Wow, nice Boarding', '2023-05-22 04:46:46', '2023-05-22 04:46:46'),
(7, 9, 3, 5, 'Very Helpful Owner & Clean Boarding', '2023-05-22 04:47:05', '2023-05-22 04:47:05'),
(8, 9, 4, 1, 'Bad Boarding !! Not Recomend !', '2023-05-22 04:47:22', '2023-05-22 04:47:22'),
(9, 9, 5, 4, 'Never gonna give this boarding House up', '2023-05-22 04:47:38', '2023-05-22 04:47:38'),
(10, 9, 8, 4, 'OK Boarding', '2023-05-22 04:48:42', '2023-05-22 04:48:42');

INSERT INTO `tenant_boardings` (`id`, `user_id`, `boarding_id`, `start_date`, `end_date`, `tenant_status`, `declined_reason`, `created_at`, `updated_at`) VALUES
(1, 6, 4, '2023-05-24', '2023-08-25', 'checkout', NULL, '2023-05-22 04:20:27', '2023-05-22 04:20:27'),
(2, 6, 4, '2023-09-29', '2023-11-01', 'checkout', NULL, '2023-05-22 04:24:27', '2023-05-22 04:24:27'),
(3, 6, 2, '2023-05-26', NULL, 'checkout', NULL, '2023-05-22 04:25:39', '2023-05-22 04:25:39'),
(4, 6, 10, '2024-01-26', NULL, 'pending', NULL, '2023-05-22 04:27:57', '2023-05-22 04:27:57'),
(5, 6, 9, '2023-05-24', NULL, 'pending', NULL, '2023-05-22 04:29:05', '2023-05-22 04:29:05'),
(6, 7, 1, '2023-05-22', NULL, 'pending', NULL, '2023-05-22 04:34:15', '2023-05-22 04:34:15'),
(7, 7, 2, '2023-05-22', NULL, 'pending', NULL, '2023-05-22 04:34:21', '2023-05-22 04:34:21'),
(8, 7, 3, '2023-05-22', NULL, 'pending', NULL, '2023-05-22 04:34:29', '2023-05-22 04:34:29'),
(9, 8, 14, '2023-05-26', '2023-06-25', 'checkout', NULL, '2023-05-22 04:35:42', '2023-05-22 04:35:42'),
(10, 8, 4, '2023-07-20', '2023-09-10', 'checkout', NULL, '2023-05-22 04:36:39', '2023-05-22 04:36:39'),
(11, 8, 8, '2023-06-29', NULL, 'approved', NULL, '2023-05-22 04:37:58', '2023-05-22 04:37:58'),
(17, 9, 1, '2020-05-21', '2020-06-22', 'checkout', NULL, NULL, NULL),
(18, 9, 2, '2022-05-10', '2022-08-11', 'checkout', NULL, NULL, NULL),
(19, 9, 3, '2023-05-15', '2023-08-10', 'checkout', NULL, NULL, NULL),
(20, 9, 4, '2023-03-13', '2023-05-11', 'checkout', NULL, NULL, NULL),
(21, 9, 5, '2020-06-18', '2020-10-10', 'checkout', NULL, NULL, NULL),
(22, 9, 8, '2017-05-17', '2018-01-01', 'checkout', NULL, NULL, NULL);

INSERT INTO `wishlists` (`id`, `user_id`, `boarding_id`, `created_at`, `updated_at`) VALUES
(1, 6, 4, '2023-05-22 04:20:15', '2023-05-22 04:20:15'),
(2, 6, 2, '2023-05-22 04:20:32', '2023-05-22 04:20:32'),
(3, 6, 12, '2023-05-22 04:20:59', '2023-05-22 04:20:59'),
(4, 7, 3, '2023-05-22 04:34:26', '2023-05-22 04:34:26'),
(5, 8, 14, '2023-05-22 04:35:38', '2023-05-22 04:35:38'),
(6, 8, 8, '2023-05-22 04:37:53', '2023-05-22 04:37:53');

INSERT INTO `rent_transactions` (`id`, `tenant_boarding_id`, `transaction_type_id`, `invoice_id`, `payment_method_id`, `amount`, `payment_date`, `payment_status`, `payment_transferred_status`, `repeat_payment`, `created_at`, `updated_at`) VALUES
(1, 11, 1, 235227734, NULL, 5000790, '2023-05-22', 'Pending', 'Pending', 1, '2023-05-22 04:58:33', '2023-05-22 04:58:33'),
(2, 11, 2, 235314680, NULL, 50027, '2023-05-31', 'Pending', 'Pending', 0, '2023-05-22 04:59:01', '2023-05-22 04:59:01'),
(3, 22, 2, 235314601, 2, 300000, '2023-05-18', 'Approved', 'Successful', 0, NULL, NULL),
(4, 22, 3, 235314667, 2, 30000, '2023-05-18', 'Approved', 'Successful', 0, NULL, NULL),
(5, 22, 3, 235314912, 2, 30000, '2023-05-18', 'Canceled', 'Pending', 0, NULL, NULL);